85234BF5-1BB3-4A0A-9A50-08D288E0C628|sha256:F7316A12690EDEB05C2BD13E02AB7E691E1C5ADFD5E965D573CC60405F37AF75|#
9791F8AF-7158-4802-B35F-10EA7E8F91CB|sha256:6B17DAC012156C6CDC2726EF02901DEE181F5FDF90B7837B431327B645CF7207|#
27BFC45C-C801-4F01-8691-1325F041AE36|sha256:778F00E9A1F6A0205C95B5404098AB51133878756F73E1E90100414C89B61698|#
B019AE0D-2278-4397-B6D4-173B2566C29D|sha256:938B3563E5AB419A61A30575AE90DFAF997F9032F4D46640C71DD2D5E7D0FE56|#
5F9BEB98-8B5F-4511-B169-1D217D0DE858|sha256:2ABD7E8AE823E8F35AA31144F89CB4C8288EF81B3D7C6BF4D807158AB772437F|#
2497EB07-EDC5-4048-B692-203372C9FCF5|sha256:0D385A321AE02B18E89481CA1DC5F55CC57DF2501EFD80BFF18A26506F140B41|#
7D3FC039-5240-453C-8343-248C3512D939|sha256:F2F961F9E837A4749CC52E24595E12B26648CB6699858D8C6F61CD668D8623FE|#
D89A4893-AB0D-4952-8532-24D5AA9EF9F9|sha256:F8A582E8FDB9F43CE9046366FE2C60059B7B48043898DE72FC52FFBD6DC0A746|#
47071B27-0A30-4C81-BB75-2BA7F1C819E4|sha256:4A2B53D1D789722B992506C59F6BD05F1B6A6283F5A5B96C4759238246EE7E48|#
451828DD-DC6F-4353-ABDD-2E4DD32E76FC|sha256:5D0E145E34275AC986892C2D71096D09A19F3071C69CEFB750446A742C66A006|#
E9114B91-30C5-4359-809C-2FC1592AE951|sha256:346364431B14DE5E1487EA352C21FD8D1B386FCD417AB720901EF0BFA531B5D9|#
151379A5-6461-4D2A-87ED-327620FC2CBC|sha256:AC5B61690C2A3D14CFDFABAB4EB0CE58588E5C0A1A83BDF61BE6B14601860EF3|#
3208E6D3-D1A4-4985-8BC0-3545FE580D95|sha256:CED2ABDEAF5E636BD2EAA3E4D5803151AE4A72228AC14B04BD3D726848DC3BCF|#
67F91012-649E-4177-900B-394CEE09AC83|sha256:CE0A7A48782BF54407704CE0FD37D8B8392E7B14BA38B8841792A3895BD511A8|#
E55457D2-4095-4DBF-889F-3AF76A35ED76|sha256:35A5CF3D80DE7FE054CC0900749A1867D70B63216126AB2C8474B11344CD9E31|#
E69F17A6-AA0B-4776-895F-4815A916517A|sha256:29A998CFCBC018570F89F9DF861CB53EC44A7225DDA5FB51C86550E7D544F13A|#
74D793F9-77BA-43C3-8C0D-49FBB23295E0|sha256:05257ADF0ED14BE3F0BD01F636812C38835A277F563314803B98E1B02DF7DE03|#
11EEB7BB-8E00-427A-8949-4ED210D316C3|sha256:67EEC59AB7592D74881868D583CB5B8AFC6CE3516472A68F8379139155D0338E|#
5E30A98A-CBFE-47D6-8474-502B0D2DF5F3|sha256:D39CA18DD08A639936584727C3A7E7FD900F2552EA00119B0E828F8ECD42726F|#
E1C23A0E-EFB2-4E34-83E7-5535C2A12168|sha256:B27F80DC2F0F86E3365E9640A59F29E818DE0619D741A737502A27AD58B6F6C8|#
F072A442-7E52-46AB-9581-554575C58912|sha256:52DFF52E44586C547814E015CBC73BB6E7A5147D3A75BB5EF37E0DED7BF0E6D6|#
AB209F32-5004-4AF2-A8F1-55FA5A61DD90|sha256:0F6C171257C1DCDB7CBF6FFB2DA171A980B8D6962220789BFC29D4C7B3F31050|#
66D2A68B-5041-4671-A32D-590E0AE97496|sha256:F5792C3C1A6BCFDE959504FD9D43D3C40BCC588E8BA66F8770D034B4CBF839B2|#
1957C94D-3DAA-4601-895B-59D61647FC40|sha256:99B9A89C6C89CCDB90B2A3F3600D9F118BB140CC7F9D4BC731F1AD06040A66E7|#
996D6E2A-DB75-4F14-8398-5BC9FB1B0CD2|sha256:40D27EC6692BD83DF81F602AA710E7ABB679F52A6E096183B122C03C5DABE4C7|#
A6C2C112-0BA5-4120-A242-5D28C153FA88|sha256:D79DB5A2039DE154983C9EBF372532332A0750DF8C3BD7FFC96E728D330A2213|#
466DB106-E862-4C5A-B904-607F9D084B3C|sha256:F901416E8AE0540A27740B687D39FBBBC035C9359B544B03EDA91F50670C9A34|#
933A3AC7-6EC6-4FF2-B557-625F55253655|sha256:76574D56B23202EED57F2F60B7A53633DA03FF9CACCCC43196907055B9540146|#
4C2AF574-6C9C-4424-B189-651FE5828D32|sha256:D2D6019600A9C4A758EE00261FDDD87D9F4692EAA3DB94A6A1BEBE607AB700DD|#
0776E62A-B144-457F-8B88-65E92B82157D|sha256:E32886418AFE8C18234FEEA6B1533BC104866697C035F8564B1AACF38FE19EC7|#
835B1569-325A-4632-A3A7-7099D4DB5B1F|sha256:426D18B68727C060BF19E9853934AF346362D32CC32C7B580C0C925C7B3AA754|#
603A24B4-30C3-4490-88A8-736698EFF2B0|sha256:A1802BB7293F0E477F01354BDA22C3A6F701DBB6ECB48EE4080326B1C74B864C|#
0BD8CFCD-20DF-41EC-BB41-75EA86F3C7E5|sha256:718EEBDF5842CBCF3E0DEB4B276FF3938B2B44B82A204C5F32E507EC019C247C|#
45AA4FAB-13F6-46A4-A6EE-7C15F6D9856E|sha256:06A0E1549E8DDECDDA3DCABB9AAD5B86037354AC6D8D965FACE3D9522D57318C|#
47C744EB-1E51-4AB8-9B16-83DA9B233B90|sha256:E925DF6613925D6B2C663A35D7229854DCA70451FC6AF958FA989FD918548923|#
17E80CCD-9E14-4A1F-9C50-8713254F0850|sha256:4A49C01C1F030DF01CD64C309865AED6766292E3A516B6209B917CB12D3683B3|#
CE06B5CD-7CD4-41B1-B25F-89657490BE83|sha256:96DA47C67B169994C43D7451936918074BF6D587FD9C0A0B16AA5A9AD3DF7EDA|#
235087D7-5E96-45D4-9506-917CBD533114|sha256:5D1E59294995D62BEBEB0DEDE10BDB5EA891A6CC6AE9FDB598C49F4DF90A16BD|#
85F1B927-CCFB-4C4C-96D0-920EE8226E83|sha256:514236E2686C5A0025DA93DA019D13CBF1CEBAA428AFADB83D141F7D804785E6|#
A90E497F-0565-40D3-9139-95BC4C3A8BCE|sha256:F7AAB9715252C5647B7181C9DDA588EE1F3E18278DFD8A1B4159A45F9424308C|#
58307F49-A8CC-4055-8DAC-9C44080D4A68|sha256:539C0060D2BC973C4E0C5F8B301C68CF36E89CBE7609EC49C460627156003172|#
8DC9F8A7-4C29-404A-AF30-A015BFA3A2B3|sha256:EAA364C0032620B10F83E53C7B3746FBEE8F419ED2F1A49138B22ADD90F27A24|#
FDF37210-64A4-45FB-9AB1-A12E495AB153|sha256:657E986EEE7E96773D424109F598CD32ABBB58AA303906FC686A4162CF0209F9|#
415EAAB0-4CF9-4FEB-8DE3-A13CF317D0C0|sha256:29A998CFCBC018570F89F9DF861CB53EC44A7225DDA5FB51C86550E7D544F13A|#
F95DE392-6CA7-49BC-A949-A3A8FC8F0113|sha256:C618164EF41738F82DA215B0C27C3398D364ABF9363BE3FD44B3A0CE9110B502|#
61EB4F2D-F1B9-479D-8936-AA1EE0BBB682|sha256:86392E972B31BC76725EA556D607D5E1203FBD35A0B8F24722E069537FB1A839|#
541DC2A3-C210-402A-973E-B0235D1C9E6D|sha256:DDCBE75284E484F29CE8D9FB2B1EA8EB18FCC95464BBD6D4E8968C7E2D9A700C|#
EC8A0740-0DD1-4575-A7C3-B0ED01D99BAC|sha256:3164C9CDB0B446A4AB76E8B3679C9386F118A7176A3140E423B9A9458F2A90E8|#
C38888CE-15A9-4253-AC8E-B12794E19E76|sha256:988092B3776FA2B3179CF44629B48B8E0FCED50CBD8C4865E8090C9EA79F88FC|#
C315F8D6-83AB-4A82-94A8-B79DF04F4D13|sha256:1A81801B22F2DA0486365AA2E820D80D655F0D3BB2CB6E4AB8FAF06C1A2FCFF2|#
B1600392-6C91-4967-BC92-B7B90B583645|sha256:D7B7FA0FD047C6164B5B1C825734BBAFC46BB75DA115587FCDA9DB5FF4C5DB36|#
F076221C-D817-4FB3-85E3-BC174CCA460A|sha256:55037DF4B5CFBD710707B2BBE671B006C06B1CF21F2060DEB434C6E2398F30D5|#
47A972EB-9FB6-4861-9762-BCDBC1398F0F|sha256:E32886418AFE8C18234FEEA6B1533BC104866697C035F8564B1AACF38FE19EC7|#
445E82E5-36B5-4693-ADB0-BF213B2429D8|sha256:E8C0EDDBE526319ED6D408A744EB750C991A2F7B51D1B866B502C76C8D4DE4AE|#
4D53845A-ECF4-4974-B7FE-C1FA73D1032E|sha256:9A46A9F665AF70BFC9119E835A054D3C4F37224180211ACE5079601CF9645054|#
9780EA70-192D-4FBE-844D-C5BB440FF7D1|sha256:35A5CF3D80DE7FE054CC0900749A1867D70B63216126AB2C8474B11344CD9E31|#
59B97404-0C05-40F5-9420-C60B52080AE4|sha256:53E04F5EF0478F9DB56096A5EFF762ED671103E3ACF3EDB3851A0F4B0E320FCF|#
D74702EA-600C-44A6-BEB9-C6DF5B6DBA32|sha256:8A7425289B114A31E3E5CC51540673B3141FA5D949DA88431DD0C9778A216D38|#
C60F1CB7-FB4F-4C37-8775-C85A98C8FEB4|sha256:99D106DB6F0616C425F40F10B700140553D0A5CAFF3F6A2707FBC5EACA3A3FE2|#
9810B548-54CD-4131-818E-C911A812E913|sha256:E80B351650495DAEA4E2EAD2908069A45E12D533864B45011B9F436EFD48D093|#
82D756B6-ADCC-4C77-880E-CDA96D4AA429|sha256:40D27EC6692BD83DF81F602AA710E7ABB679F52A6E096183B122C03C5DABE4C7|#
C3F79C32-6EA0-45C0-8A65-D69587180613|sha256:0EA351966165A39E2F82C6DBE967D8C6BFE7E3489AFB438AE24CD08CB3968024|#
6542EF14-87BE-4E85-898A-DE0324119FD7|sha256:B7AA66FC6F5010A7E3549B2C97749F65BCC9FC5C2E8748B4A56007B05855404A|#
C3C497A4-D075-4ECC-9804-E11750D596FF|sha256:2941849A13A588A99B47F21E278D9F443EA73E026BD8FE3CA136322B67C6A111|#
B4881518-4F07-4CFD-80EC-EA8AF7F52365|sha256:99B52561072E1681C5A73262D12B297955C99B178C1C3EC4299D9E57EF89EE9F|#
4E2709C9-7D4C-4D6C-A460-F539C57AF25E|sha256:7B8D75466F5D43704928BE5A7B2CF1CCB98C6C0ACCECF368547AF5FC7AC744BE|#
