59801093-D953-F111-8E26-7CED8D9E4094|sha256:80A640D9D6B549CC192D9B025324CD71204DB358D9CACE46980F8955F1A6BF7B|NULL|NULL
80801093-D953-F111-8E26-7CED8D9E4094|sha256:1AE7372D037A94BF43832A7171517A562AA8B952598570AC35D11D0998EF6050|NULL|NULL
6F801093-D953-F111-8E26-7CED8D9E4094|sha256:512D4B2CAA167AF78E39861DEBBD793F3C6A8C6C93B8826593181B9EAB48E0E5|NULL|NULL
1B811093-D953-F111-8E26-7CED8D9E4094|sha256:1AA87217852081D091B66065C411A8A0A196C7AB9A1D7DA4E64C28130D2D193B|NULL|NULL
24811093-D953-F111-8E26-7CED8D9E4094|sha256:BD82867F1618150F541E7D6B1E261E285003566658B1A6DC22B6C050EF8C918B|NULL|NULL
2B811093-D953-F111-8E26-7CED8D9E4094|sha256:FF9375BFDBC13C49877C875E87065A5E44ADB9727CDFAE11E06926C793B92870|NULL|NULL
3A811093-D953-F111-8E26-7CED8D9E4094|sha256:3026C2D089C7BE823588E0D2577076B20DB78EBC237EB917E19BCE4BF95F35FF|NULL|NULL
30811093-D953-F111-8E26-7CED8D9E4094|sha256:3026C2D089C7BE823588E0D2577076B20DB78EBC237EB917E19BCE4BF95F35FF|NULL|NULL
35811093-D953-F111-8E26-7CED8D9E4094|sha256:3026C2D089C7BE823588E0D2577076B20DB78EBC237EB917E19BCE4BF95F35FF|NULL|NULL
41811093-D953-F111-8E26-7CED8D9E4094|sha256:CAF7E76849CB7E67A3056F545980441C8E3AE661F6D9AD32101359E489362A75|NULL|NULL
47811093-D953-F111-8E26-7CED8D9E4094|sha256:6716EB30D7C75A15EFB4E8CDEFFE8AD43E6C147FA20573FC48F08DCD00599D89|NULL|NULL
49811093-D953-F111-8E26-7CED8D9E4094|NULL|NULL|NULL
F1801093-D953-F111-8E26-7CED8D9E4094|sha256:C35A0CF5BB8FDEC6521C87CB3C47DB7F7F35CF25110E67DCEE0CD973616D19A3|NULL|NULL
FA801093-D953-F111-8E26-7CED8D9E4094|sha256:F2ED8B743907A8D885AE175F5707474B070D3A412733E396DAD489EE6B49BCAB|NULL|NULL
8C801093-D953-F111-8E26-7CED8D9E4094|sha256:8D4A37FA98475DE8068447FD425558BBB4817DDA2A0DD2EB34C9311B939075C1|NULL|NULL
CE801093-D953-F111-8E26-7CED8D9E4094|sha256:479C28DD111184722640B3A13A55C8C98A041EAF157EE8416798C1AF287E32C3|NULL|NULL
D6801093-D953-F111-8E26-7CED8D9E4094|sha256:9F59CA44F4F66FFCB3F609CB3CE10B7521C877155CFF412C5D1B6C4A6C46B940|NULL|NULL
BE801093-D953-F111-8E26-7CED8D9E4094|sha256:375E4CE3CE475605CE674F575D2BCA3CD26FC065C6C40D2175B28FEA1A8170CE|NULL|NULL
C5801093-D953-F111-8E26-7CED8D9E4094|sha256:C1E84B603261ED5B981B3786D6ED2A297C9B4E67CED80C7E3E363AE3FB9EC182|NULL|NULL
A2801093-D953-F111-8E26-7CED8D9E4094|sha256:98F42F1C23DF9E7065C78FF6AD59B29114B300A7C9335C769C39FAF23CE55B54|NULL|NULL
0E811093-D953-F111-8E26-7CED8D9E4094|sha256:955AEF1CE1279A9E240B82DEFA743BC30E36EF871E29CB5977B37B52811A39B6|NULL|NULL
B7801093-D953-F111-8E26-7CED8D9E4094|sha256:85674253427667EB383A699AC89048183B84708349B396632A9FC7F09F06C5FD|NULL|NULL
EC801093-D953-F111-8E26-7CED8D9E4094|sha256:5B15A81F112FA0DCAFC886B83433BA3B78A3394DAB1C34F7939F6F60FB3A2595|NULL|NULL
AC801093-D953-F111-8E26-7CED8D9E4094|sha256:A4DB1DC4C8C2BACC87F301105493BE6C19730FB4E772255C4040937CA1415EBC|NULL|NULL
DD801093-D953-F111-8E26-7CED8D9E4094|sha256:F8FE009732D758D1A4A2622F9D95C1FF7102503AA72D09B46841CBD63587C68D|NULL|NULL
13811093-D953-F111-8E26-7CED8D9E4094|sha256:C35A0CF5BB8FDEC6521C87CB3C47DB7F7F35CF25110E67DCEE0CD973616D19A3|NULL|NULL
00811093-D953-F111-8E26-7CED8D9E4094|sha256:4E805D320CD883BF88C719860DE6240481BCD0241825C2F6510C89FB78176FDA|NULL|NULL
98801093-D953-F111-8E26-7CED8D9E4094|sha256:830D7783C184876069CFC6A306A70014CF41C4C7086D43EAE009CF334D37C04D|NULL|NULL
50801093-D953-F111-8E26-7CED8D9E4094|sha256:32F46126F2E1835A6FA274AFB6F8AD302EE43BCB16D907B87F684F0585E30BBB|NULL|NULL
