2|hhhhhhhhhhhhhhhhhhhhhh|0.50|#
3|hhhhhhhhhhhhhhhhhhhhhhh|0.75|#
4|hhhhhhhhhhhhhhhhhhhhhhhh|1.00|#
6|hhhhhhhhhhhhhhhhhhhhhhhhhh|1.50|#
7|WWWWWWWWWWWWWWWWWWWWWWWWWWWWWWWWWWWWWWWWWWWWWWWWWWWWWWWWWWWWWWWWWWWWWWWWWWWWWWWWWWWWWWWWWW|1.75|#
8|hhhhhhhhhhhhhhhhhhhhhhhhhhhh|2.00|#
10|hhhhhhhhhhhhhhhhhhhhhhhhhhhhhh|2.50|#
11|hhhhhhhhhhhhhhhhhhhhhhhhhhhhhhh|2.75|#
12|hhhhhhhhhhhhhhhhhhhhhhhhhhhhhhhh|3.00|#
14|WWWWWWWWWWWWWWWWWWWWWWWWWWWWWWWWWWWWWWWWWWWWWWWWWWWWWWWWWWWWWWWWWWWWWWWWWWWWWWWWWWWWWWWWWW|3.50|#
15|hhhhhhhhhhhhhhhhhhhhhhhhhhhhhhhhhhh|3.75|#
16|hhhhhhhhhhhhhhhhhhhhhhhhhhhhhhhhhhhh|4.00|#
18|hhhhhhhhhhhhhhhhhhhhhhhhhhhhhhhhhhhhhh|4.50|#
19|hhhhhhhhhhhhhhhhhhhhhhhhhhhhhhhhhhhhhhh|4.75|#
20|hhhhhhhhhhhhhhhhhhhhhhhhhhhhhhhhhhhhhhhh|5.00|#
22|hhhhhhhhhhhhhhhhhhhhhhhhhhhhhhhhhhhhhhhhhh|5.50|#
23|hhhhhhhhhhhhhhhhhhhhhhhhhhhhhhhhhhhhhhhhhhh|5.75|#
24|hhhhhhhhhhhhhhhhhhhhhhhhhhhhhhhhhhhhhhhhhhhh|6.00|#
26|hhhhhhhhhhhhhhhhhhhhhhhhhhhhhhhhhhhhhhhhhhhhhh|6.50|#
27|hhhhhhhhhhhhhhhhhhhhhhhhhhhhhhhhhhhhhhhhhhhhhhh|6.75|#
28|WWWWWWWWWWWWWWWWWWWWWWWWWWWWWWWWWWWWWWWWWWWWWWWWWWWWWWWWWWWWWWWWWWWWWWWWWWWWWWWWWWWWWWWWWW|7.00|#
30|hhhhhhhhhhhhhhhhhhhhhhhhhhhhhhhhhhhhhhhhhhhhhhhhhh|7.50|#
31|hhhhhhhhhhhhhhhhhhhhhhhhhhhhhhhhhhhhhhhhhhhhhhhhhhh|7.75|#
32|hhhhhhhhhhhhhhhhhhhhhhhhhhhhhhhhhhhhhhhhhhhhhhhhhhhh|8.00|#
34|hhhhhhhhhhhhhhhhhhhhhhhhhhhhhhhhhhhhhhhhhhhhhhhhhhhhhh|8.50|#
35|WWWWWWWWWWWWWWWWWWWWWWWWWWWWWWWWWWWWWWWWWWWWWWWWWWWWWWWWWWWWWWWWWWWWWWWWWWWWWWWWWWWWWWWWWW|8.75|#
36|hhhhhhhhhhhhhhhhhhhhhhhhhhhhhhhhhhhhhhhhhhhhhhhhhhhhhhhh|9.00|#
38|hhhhhhhhhhhhhhhhhhhhhhhhhhhhhhhhhhhhhhhhhhhhhhhhhhhhhhhhhh|9.50|#
39|hhhhhhhhhhhhhhhhhhhhhhhhhhhhhhhhhhhhhhhhhhhhhhhhhhhhhhhhhhh|9.75|#
40|hhhhhhhhhhhhhhhhhhhhhhhhhhhhhhhhhhhhhhhhhhhhhhhhhhhhhhhhhhhh|10.00|#
42|WWWWWWWWWWWWWWWWWWWWWWWWWWWWWWWWWWWWWWWWWWWWWWWWWWWWWWWWWWWWWWWWWWWWWWWWWWWWWWWWWWWWWWWWWW|10.50|#
43|hhhhhhhhhhhhhhhhhhhhhhhhhhhhhhhhhhhhhhhhhhhhhhhhhhhhhhhhhhhhhhh|10.75|#
44|hhhhhhhhhhhhhhhhhhhhhhhhhhhhhhhhhhhhhhhhhhhhhhhhhhhhhhhhhhhhhhhh|11.00|#
46|hhhhhhhhhhhhhhhhhhhhhhhhhhhhhhhhhhhhhhhhhhhhhhhhhhhhhhhhhhhhhhhhhh|11.50|#
47|hhhhhhhhhhhhhhhhhhhhhhhhhhhhhhhhhhhhhhhhhhhhhhhhhhhhhhhhhhhhhhhhhhh|11.75|#
48|hhhhhhhhhhhhhhhhhhhhhhhhhhhhhhhhhhhhhhhhhhhhhhhhhhhhhhhhhhhhhhhhhhhh|12.00|#
50|hhhhhhhhhhhhhhhhhhhhhhhhhhhhhhhhhhhhhhhhhhhhhhhhhhhhhhhhhhhhhhhhhhhhhh|12.50|#
51|hhhhhhhhhhhhhhhhhhhhhhhhhhhhhhhhhhhhhhhhhhhhhhhhhhhhhhhhhhhhhhhhhhhhhhh|12.75|#
52|hhhhhhhhhhhhhhhhhhhhhhhhhhhhhhhhhhhhhhhhhhhhhhhhhhhhhhhhhhhhhhhhhhhhhhhh|13.00|#
54|hhhhhhhhhhhhhhhhhhhhhhhhhhhhhhhhhhhhhhhhhhhhhhhhhhhhhhhhhhhhhhhhhhhhhhhhhh|13.50|#
55|hhhhhhhhhhhhhhhhhhhhhhhhhhhhhhhhhhhhhhhhhhhhhhhhhhhhhhhhhhhhhhhhhhhhhhhhhhh|13.75|#
56|WWWWWWWWWWWWWWWWWWWWWWWWWWWWWWWWWWWWWWWWWWWWWWWWWWWWWWWWWWWWWWWWWWWWWWWWWWWWWWWWWWWWWWWWWW|14.00|#
58|hhhhhhhhhhhhhhhhhhhhhhhhhhhhhhhhhhhhhhhhhhhhhhhhhhhhhhhhhhhhhhhhhhhhhhhhhhhhhh|14.50|#
59|hhhhhhhhhhhhhhhhhhhhhhhhhhhhhhhhhhhhhhhhhhhhhhhhhhhhhhhhhhhhhhhhhhhhhhhhhhhhhhh|14.75|#
60|hhhhhhhhhhhhhhhhhhhh|15.00|#
62|hhhhhhhhhhhhhhhhhhhhhh|15.50|#
63|WWWWWWWWWWWWWWWWWWWWWWWWWWWWWWWWWWWWWWWWWWWWWWWWWWWWWWWWWWWWWWWWWWWWWWWWWWWWWWWWWWWWWWWWWW|15.75|#
64|hhhhhhhhhhhhhhhhhhhhhhhh|16.00|#
66|hhhhhhhhhhhhhhhhhhhhhhhhhh|16.50|#
67|hhhhhhhhhhhhhhhhhhhhhhhhhhh|16.75|#
68|hhhhhhhhhhhhhhhhhhhhhhhhhhhh|17.00|#
70|WWWWWWWWWWWWWWWWWWWWWWWWWWWWWWWWWWWWWWWWWWWWWWWWWWWWWWWWWWWWWWWWWWWWWWWWWWWWWWWWWWWWWWWWWW|17.50|#
71|hhhhhhhhhhhhhhhhhhhhhhhhhhhhhhh|17.75|#
72|hhhhhhhhhhhhhhhhhhhhhhhhhhhhhhhh|18.00|#
74|hhhhhhhhhhhhhhhhhhhhhhhhhhhhhhhhhh|18.50|#
75|hhhhhhhhhhhhhhhhhhhhhhhhhhhhhhhhhhh|18.75|#
76|hhhhhhhhhhhhhhhhhhhhhhhhhhhhhhhhhhhh|19.00|#
78|hhhhhhhhhhhhhhhhhhhhhhhhhhhhhhhhhhhhhh|19.50|#
79|hhhhhhhhhhhhhhhhhhhhhhhhhhhhhhhhhhhhhhh|19.75|#
80|hhhhhhhhhhhhhhhhhhhhhhhhhhhhhhhhhhhhhhhh|20.00|#
82|hhhhhhhhhhhhhhhhhhhhhhhhhhhhhhhhhhhhhhhhhh|20.50|#
83|hhhhhhhhhhhhhhhhhhhhhhhhhhhhhhhhhhhhhhhhhhh|20.75|#
84|WWWWWWWWWWWWWWWWWWWWWWWWWWWWWWWWWWWWWWWWWWWWWWWWWWWWWWWWWWWWWWWWWWWWWWWWWWWWWWWWWWWWWWWWWW|21.00|#
86|hhhhhhhhhhhhhhhhhhhhhhhhhhhhhhhhhhhhhhhhhhhhhh|21.50|#
87|hhhhhhhhhhhhhhhhhhhhhhhhhhhhhhhhhhhhhhhhhhhhhhh|21.75|#
88|hhhhhhhhhhhhhhhhhhhhhhhhhhhhhhhhhhhhhhhhhhhhhhhh|22.00|#
90|hhhhhhhhhhhhhhhhhhhhhhhhhhhhhhhhhhhhhhhhhhhhhhhhhh|22.50|#
91|WWWWWWWWWWWWWWWWWWWWWWWWWWWWWWWWWWWWWWWWWWWWWWWWWWWWWWWWWWWWWWWWWWWWWWWWWWWWWWWWWWWWWWWWWW|22.75|#
92|hhhhhhhhhhhhhhhhhhhhhhhhhhhhhhhhhhhhhhhhhhhhhhhhhhhh|23.00|#
94|hhhhhhhhhhhhhhhhhhhhhhhhhhhhhhhhhhhhhhhhhhhhhhhhhhhhhh|23.50|#
95|hhhhhhhhhhhhhhhhhhhhhhhhhhhhhhhhhhhhhhhhhhhhhhhhhhhhhhh|23.75|#
96|hhhhhhhhhhhhhhhhhhhhhhhhhhhhhhhhhhhhhhhhhhhhhhhhhhhhhhhh|24.00|#
98|WWWWWWWWWWWWWWWWWWWWWWWWWWWWWWWWWWWWWWWWWWWWWWWWWWWWWWWWWWWWWWWWWWWWWWWWWWWWWWWWWWWWWWWWWW|24.50|#
99|hhhhhhhhhhhhhhhhhhhhhhhhhhhhhhhhhhhhhhhhhhhhhhhhhhhhhhhhhhh|24.75|#
100|hhhhhhhhhhhhhhhhhhhhhhhhhhhhhhhhhhhhhhhhhhhhhhhhhhhhhhhhhhhh|25.00|#
102|hhhhhhhhhhhhhhhhhhhhhhhhhhhhhhhhhhhhhhhhhhhhhhhhhhhhhhhhhhhhhh|25.50|#
103|hhhhhhhhhhhhhhhhhhhhhhhhhhhhhhhhhhhhhhhhhhhhhhhhhhhhhhhhhhhhhhh|25.75|#
104|hhhhhhhhhhhhhhhhhhhhhhhhhhhhhhhhhhhhhhhhhhhhhhhhhhhhhhhhhhhhhhhh|26.00|#
106|hhhhhhhhhhhhhhhhhhhhhhhhhhhhhhhhhhhhhhhhhhhhhhhhhhhhhhhhhhhhhhhhhh|26.50|#
107|hhhhhhhhhhhhhhhhhhhhhhhhhhhhhhhhhhhhhhhhhhhhhhhhhhhhhhhhhhhhhhhhhhh|26.75|#
108|hhhhhhhhhhhhhhhhhhhhhhhhhhhhhhhhhhhhhhhhhhhhhhhhhhhhhhhhhhhhhhhhhhhh|27.00|#
110|hhhhhhhhhhhhhhhhhhhhhhhhhhhhhhhhhhhhhhhhhhhhhhhhhhhhhhhhhhhhhhhhhhhhhh|27.50|#
111|hhhhhhhhhhhhhhhhhhhhhhhhhhhhhhhhhhhhhhhhhhhhhhhhhhhhhhhhhhhhhhhhhhhhhhh|27.75|#
112|WWWWWWWWWWWWWWWWWWWWWWWWWWWWWWWWWWWWWWWWWWWWWWWWWWWWWWWWWWWWWWWWWWWWWWWWWWWWWWWWWWWWWWWWWW|28.00|#
114|hhhhhhhhhhhhhhhhhhhhhhhhhhhhhhhhhhhhhhhhhhhhhhhhhhhhhhhhhhhhhhhhhhhhhhhhhh|28.50|#
115|hhhhhhhhhhhhhhhhhhhhhhhhhhhhhhhhhhhhhhhhhhhhhhhhhhhhhhhhhhhhhhhhhhhhhhhhhhh|28.75|#
116|hhhhhhhhhhhhhhhhhhhhhhhhhhhhhhhhhhhhhhhhhhhhhhhhhhhhhhhhhhhhhhhhhhhhhhhhhhhh|29.00|#
118|hhhhhhhhhhhhhhhhhhhhhhhhhhhhhhhhhhhhhhhhhhhhhhhhhhhhhhhhhhhhhhhhhhhhhhhhhhhhhh|29.50|#
119|WWWWWWWWWWWWWWWWWWWWWWWWWWWWWWWWWWWWWWWWWWWWWWWWWWWWWWWWWWWWWWWWWWWWWWWWWWWWWWWWWWWWWWWWWW|29.75|#
120|hhhhhhhhhhhhhhhhhhhh|30.00|#
122|hhhhhhhhhhhhhhhhhhhhhh|30.50|#
123|hhhhhhhhhhhhhhhhhhhhhhh|30.75|#
124|hhhhhhhhhhhhhhhhhhhhhhhh|31.00|#
126|WWWWWWWWWWWWWWWWWWWWWWWWWWWWWWWWWWWWWWWWWWWWWWWWWWWWWWWWWWWWWWWWWWWWWWWWWWWWWWWWWWWWWWWWWW|31.50|#
127|hhhhhhhhhhhhhhhhhhhhhhhhhhh|31.75|#
128|hhhhhhhhhhhhhhhhhhhhhhhhhhhh|32.00|#
130|hhhhhhhhhhhhhhhhhhhhhhhhhhhhhh|32.50|#
131|hhhhhhhhhhhhhhhhhhhhhhhhhhhhhhh|32.75|#
132|hhhhhhhhhhhhhhhhhhhhhhhhhhhhhhhh|33.00|#
134|hhhhhhhhhhhhhhhhhhhhhhhhhhhhhhhhhh|33.50|#
135|hhhhhhhhhhhhhhhhhhhhhhhhhhhhhhhhhhh|33.75|#
136|hhhhhhhhhhhhhhhhhhhhhhhhhhhhhhhhhhhh|34.00|#
138|hhhhhhhhhhhhhhhhhhhhhhhhhhhhhhhhhhhhhh|34.50|#
139|hhhhhhhhhhhhhhhhhhhhhhhhhhhhhhhhhhhhhhh|34.75|#
140|WWWWWWWWWWWWWWWWWWWWWWWWWWWWWWWWWWWWWWWWWWWWWWWWWWWWWWWWWWWWWWWWWWWWWWWWWWWWWWWWWWWWWWWWWW|35.00|#
142|hhhhhhhhhhhhhhhhhhhhhhhhhhhhhhhhhhhhhhhhhh|35.50|#
143|hhhhhhhhhhhhhhhhhhhhhhhhhhhhhhhhhhhhhhhhhhh|35.75|#
144|hhhhhhhhhhhhhhhhhhhhhhhhhhhhhhhhhhhhhhhhhhhh|36.00|#
146|hhhhhhhhhhhhhhhhhhhhhhhhhhhhhhhhhhhhhhhhhhhhhh|36.50|#
147|WWWWWWWWWWWWWWWWWWWWWWWWWWWWWWWWWWWWWWWWWWWWWWWWWWWWWWWWWWWWWWWWWWWWWWWWWWWWWWWWWWWWWWWWWW|36.75|#
148|hhhhhhhhhhhhhhhhhhhhhhhhhhhhhhhhhhhhhhhhhhhhhhhh|37.00|#
150|hhhhhhhhhhhhhhhhhhhhhhhhhhhhhhhhhhhhhhhhhhhhhhhhhh|37.50|#
151|hhhhhhhhhhhhhhhhhhhhhhhhhhhhhhhhhhhhhhhhhhhhhhhhhhh|37.75|#
152|hhhhhhhhhhhhhhhhhhhhhhhhhhhhhhhhhhhhhhhhhhhhhhhhhhhh|38.00|#
154|WWWWWWWWWWWWWWWWWWWWWWWWWWWWWWWWWWWWWWWWWWWWWWWWWWWWWWWWWWWWWWWWWWWWWWWWWWWWWWWWWWWWWWWWWW|38.50|#
155|hhhhhhhhhhhhhhhhhhhhhhhhhhhhhhhhhhhhhhhhhhhhhhhhhhhhhhh|38.75|#
156|hhhhhhhhhhhhhhhhhhhhhhhhhhhhhhhhhhhhhhhhhhhhhhhhhhhhhhhh|39.00|#
158|hhhhhhhhhhhhhhhhhhhhhhhhhhhhhhhhhhhhhhhhhhhhhhhhhhhhhhhhhh|39.50|#
159|hhhhhhhhhhhhhhhhhhhhhhhhhhhhhhhhhhhhhhhhhhhhhhhhhhhhhhhhhhh|39.75|#
160|hhhhhhhhhhhhhhhhhhhhhhhhhhhhhhhhhhhhhhhhhhhhhhhhhhhhhhhhhhhh|40.00|#
162|hhhhhhhhhhhhhhhhhhhhhhhhhhhhhhhhhhhhhhhhhhhhhhhhhhhhhhhhhhhhhh|40.50|#
163|hhhhhhhhhhhhhhhhhhhhhhhhhhhhhhhhhhhhhhhhhhhhhhhhhhhhhhhhhhhhhhh|40.75|#
164|hhhhhhhhhhhhhhhhhhhhhhhhhhhhhhhhhhhhhhhhhhhhhhhhhhhhhhhhhhhhhhhh|41.00|#
166|hhhhhhhhhhhhhhhhhhhhhhhhhhhhhhhhhhhhhhhhhhhhhhhhhhhhhhhhhhhhhhhhhh|41.50|#
167|hhhhhhhhhhhhhhhhhhhhhhhhhhhhhhhhhhhhhhhhhhhhhhhhhhhhhhhhhhhhhhhhhhh|41.75|#
168|WWWWWWWWWWWWWWWWWWWWWWWWWWWWWWWWWWWWWWWWWWWWWWWWWWWWWWWWWWWWWWWWWWWWWWWWWWWWWWWWWWWWWWWWWW|42.00|#
170|hhhhhhhhhhhhhhhhhhhhhhhhhhhhhhhhhhhhhhhhhhhhhhhhhhhhhhhhhhhhhhhhhhhhhh|42.50|#
171|hhhhhhhhhhhhhhhhhhhhhhhhhhhhhhhhhhhhhhhhhhhhhhhhhhhhhhhhhhhhhhhhhhhhhhh|42.75|#
172|hhhhhhhhhhhhhhhhhhhhhhhhhhhhhhhhhhhhhhhhhhhhhhhhhhhhhhhhhhhhhhhhhhhhhhhh|43.00|#
174|hhhhhhhhhhhhhhhhhhhhhhhhhhhhhhhhhhhhhhhhhhhhhhhhhhhhhhhhhhhhhhhhhhhhhhhhhh|43.50|#
175|WWWWWWWWWWWWWWWWWWWWWWWWWWWWWWWWWWWWWWWWWWWWWWWWWWWWWWWWWWWWWWWWWWWWWWWWWWWWWWWWWWWWWWWWWW|43.75|#
176|hhhhhhhhhhhhhhhhhhhhhhhhhhhhhhhhhhhhhhhhhhhhhhhhhhhhhhhhhhhhhhhhhhhhhhhhhhhh|44.00|#
178|hhhhhhhhhhhhhhhhhhhhhhhhhhhhhhhhhhhhhhhhhhhhhhhhhhhhhhhhhhhhhhhhhhhhhhhhhhhhhh|44.50|#
179|hhhhhhhhhhhhhhhhhhhhhhhhhhhhhhhhhhhhhhhhhhhhhhhhhhhhhhhhhhhhhhhhhhhhhhhhhhhhhhh|44.75|#
180|hhhhhhhhhhhhhhhhhhhh|45.00|#
182|WWWWWWWWWWWWWWWWWWWWWWWWWWWWWWWWWWWWWWWWWWWWWWWWWWWWWWWWWWWWWWWWWWWWWWWWWWWWWWWWWWWWWWWWWW|45.50|#
183|hhhhhhhhhhhhhhhhhhhhhhh|45.75|#
184|hhhhhhhhhhhhhhhhhhhhhhhh|46.00|#
186|hhhhhhhhhhhhhhhhhhhhhhhhhh|46.50|#
187|hhhhhhhhhhhhhhhhhhhhhhhhhhh|46.75|#
188|hhhhhhhhhhhhhhhhhhhhhhhhhhhh|47.00|#
190|hhhhhhhhhhhhhhhhhhhhhhhhhhhhhh|47.50|#
191|hhhhhhhhhhhhhhhhhhhhhhhhhhhhhhh|47.75|#
192|hhhhhhhhhhhhhhhhhhhhhhhhhhhhhhhh|48.00|#
194|hhhhhhhhhhhhhhhhhhhhhhhhhhhhhhhhhh|48.50|#
195|hhhhhhhhhhhhhhhhhhhhhhhhhhhhhhhhhhh|48.75|#
196|WWWWWWWWWWWWWWWWWWWWWWWWWWWWWWWWWWWWWWWWWWWWWWWWWWWWWWWWWWWWWWWWWWWWWWWWWWWWWWWWWWWWWWWWWW|49.00|#
198|hhhhhhhhhhhhhhhhhhhhhhhhhhhhhhhhhhhhhh|49.50|#
199|hhhhhhhhhhhhhhhhhhhhhhhhhhhhhhhhhhhhhhh|49.75|#
200|hhhhhhhhhhhhhhhhhhhhhhhhhhhhhhhhhhhhhhhh|50.00|#
202|hhhhhhhhhhhhhhhhhhhhhhhhhhhhhhhhhhhhhhhhhh|50.50|#
203|WWWWWWWWWWWWWWWWWWWWWWWWWWWWWWWWWWWWWWWWWWWWWWWWWWWWWWWWWWWWWWWWWWWWWWWWWWWWWWWWWWWWWWWWWW|50.75|#
204|hhhhhhhhhhhhhhhhhhhhhhhhhhhhhhhhhhhhhhhhhhhh|51.00|#
206|hhhhhhhhhhhhhhhhhhhhhhhhhhhhhhhhhhhhhhhhhhhhhh|51.50|#
207|hhhhhhhhhhhhhhhhhhhhhhhhhhhhhhhhhhhhhhhhhhhhhhh|51.75|#
208|hhhhhhhhhhhhhhhhhhhhhhhhhhhhhhhhhhhhhhhhhhhhhhhh|52.00|#
210|WWWWWWWWWWWWWWWWWWWWWWWWWWWWWWWWWWWWWWWWWWWWWWWWWWWWWWWWWWWWWWWWWWWWWWWWWWWWWWWWWWWWWWWWWW|52.50|#
211|hhhhhhhhhhhhhhhhhhhhhhhhhhhhhhhhhhhhhhhhhhhhhhhhhhh|52.75|#
212|hhhhhhhhhhhhhhhhhhhhhhhhhhhhhhhhhhhhhhhhhhhhhhhhhhhh|53.00|#
214|hhhhhhhhhhhhhhhhhhhhhhhhhhhhhhhhhhhhhhhhhhhhhhhhhhhhhh|53.50|#
215|hhhhhhhhhhhhhhhhhhhhhhhhhhhhhhhhhhhhhhhhhhhhhhhhhhhhhhh|53.75|#
216|hhhhhhhhhhhhhhhhhhhhhhhhhhhhhhhhhhhhhhhhhhhhhhhhhhhhhhhh|54.00|#
218|hhhhhhhhhhhhhhhhhhhhhhhhhhhhhhhhhhhhhhhhhhhhhhhhhhhhhhhhhh|54.50|#
219|hhhhhhhhhhhhhhhhhhhhhhhhhhhhhhhhhhhhhhhhhhhhhhhhhhhhhhhhhhh|54.75|#
220|hhhhhhhhhhhhhhhhhhhhhhhhhhhhhhhhhhhhhhhhhhhhhhhhhhhhhhhhhhhh|55.00|#
222|hhhhhhhhhhhhhhhhhhhhhhhhhhhhhhhhhhhhhhhhhhhhhhhhhhhhhhhhhhhhhh|55.50|#
223|hhhhhhhhhhhhhhhhhhhhhhhhhhhhhhhhhhhhhhhhhhhhhhhhhhhhhhhhhhhhhhh|55.75|#
224|WWWWWWWWWWWWWWWWWWWWWWWWWWWWWWWWWWWWWWWWWWWWWWWWWWWWWWWWWWWWWWWWWWWWWWWWWWWWWWWWWWWWWWWWWW|56.00|#
226|hhhhhhhhhhhhhhhhhhhhhhhhhhhhhhhhhhhhhhhhhhhhhhhhhhhhhhhhhhhhhhhhhh|56.50|#
227|hhhhhhhhhhhhhhhhhhhhhhhhhhhhhhhhhhhhhhhhhhhhhhhhhhhhhhhhhhhhhhhhhhh|56.75|#
228|hhhhhhhhhhhhhhhhhhhhhhhhhhhhhhhhhhhhhhhhhhhhhhhhhhhhhhhhhhhhhhhhhhhh|57.00|#
230|hhhhhhhhhhhhhhhhhhhhhhhhhhhhhhhhhhhhhhhhhhhhhhhhhhhhhhhhhhhhhhhhhhhhhh|57.50|#
231|WWWWWWWWWWWWWWWWWWWWWWWWWWWWWWWWWWWWWWWWWWWWWWWWWWWWWWWWWWWWWWWWWWWWWWWWWWWWWWWWWWWWWWWWWW|57.75|#
232|hhhhhhhhhhhhhhhhhhhhhhhhhhhhhhhhhhhhhhhhhhhhhhhhhhhhhhhhhhhhhhhhhhhhhhhh|58.00|#
234|hhhhhhhhhhhhhhhhhhhhhhhhhhhhhhhhhhhhhhhhhhhhhhhhhhhhhhhhhhhhhhhhhhhhhhhhhh|58.50|#
235|hhhhhhhhhhhhhhhhhhhhhhhhhhhhhhhhhhhhhhhhhhhhhhhhhhhhhhhhhhhhhhhhhhhhhhhhhhh|58.75|#
236|hhhhhhhhhhhhhhhhhhhhhhhhhhhhhhhhhhhhhhhhhhhhhhhhhhhhhhhhhhhhhhhhhhhhhhhhhhhh|59.00|#
238|WWWWWWWWWWWWWWWWWWWWWWWWWWWWWWWWWWWWWWWWWWWWWWWWWWWWWWWWWWWWWWWWWWWWWWWWWWWWWWWWWWWWWWWWWW|59.50|#
239|hhhhhhhhhhhhhhhhhhhhhhhhhhhhhhhhhhhhhhhhhhhhhhhhhhhhhhhhhhhhhhhhhhhhhhhhhhhhhhh|59.75|#
240|hhhhhhhhhhhhhhhhhhhh|60.00|#
242|hhhhhhhhhhhhhhhhhhhhhh|60.50|#
243|hhhhhhhhhhhhhhhhhhhhhhh|60.75|#
244|hhhhhhhhhhhhhhhhhhhhhhhh|61.00|#
246|hhhhhhhhhhhhhhhhhhhhhhhhhh|61.50|#
247|hhhhhhhhhhhhhhhhhhhhhhhhhhh|61.75|#
248|hhhhhhhhhhhhhhhhhhhhhhhhhhhh|62.00|#
250|hhhhhhhhhhhhhhhhhhhhhhhhhhhhhh|62.50|#
251|hhhhhhhhhhhhhhhhhhhhhhhhhhhhhhh|62.75|#
252|WWWWWWWWWWWWWWWWWWWWWWWWWWWWWWWWWWWWWWWWWWWWWWWWWWWWWWWWWWWWWWWWWWWWWWWWWWWWWWWWWWWWWWWWWW|63.00|#
254|hhhhhhhhhhhhhhhhhhhhhhhhhhhhhhhhhh|63.50|#
255|hhhhhhhhhhhhhhhhhhhhhhhhhhhhhhhhhhh|63.75|#
256|hhhhhhhhhhhhhhhhhhhhhhhhhhhhhhhhhhhh|64.00|#
258|hhhhhhhhhhhhhhhhhhhhhhhhhhhhhhhhhhhhhh|64.50|#
259|WWWWWWWWWWWWWWWWWWWWWWWWWWWWWWWWWWWWWWWWWWWWWWWWWWWWWWWWWWWWWWWWWWWWWWWWWWWWWWWWWWWWWWWWWW|64.75|#
260|hhhhhhhhhhhhhhhhhhhhhhhhhhhhhhhhhhhhhhhh|65.00|#
262|hhhhhhhhhhhhhhhhhhhhhhhhhhhhhhhhhhhhhhhhhh|65.50|#
263|hhhhhhhhhhhhhhhhhhhhhhhhhhhhhhhhhhhhhhhhhhh|65.75|#
264|hhhhhhhhhhhhhhhhhhhhhhhhhhhhhhhhhhhhhhhhhhhh|66.00|#
266|WWWWWWWWWWWWWWWWWWWWWWWWWWWWWWWWWWWWWWWWWWWWWWWWWWWWWWWWWWWWWWWWWWWWWWWWWWWWWWWWWWWWWWWWWW|66.50|#
267|hhhhhhhhhhhhhhhhhhhhhhhhhhhhhhhhhhhhhhhhhhhhhhh|66.75|#
268|hhhhhhhhhhhhhhhhhhhhhhhhhhhhhhhhhhhhhhhhhhhhhhhh|67.00|#
270|hhhhhhhhhhhhhhhhhhhhhhhhhhhhhhhhhhhhhhhhhhhhhhhhhh|67.50|#
271|hhhhhhhhhhhhhhhhhhhhhhhhhhhhhhhhhhhhhhhhhhhhhhhhhhh|67.75|#
272|hhhhhhhhhhhhhhhhhhhhhhhhhhhhhhhhhhhhhhhhhhhhhhhhhhhh|68.00|#
274|hhhhhhhhhhhhhhhhhhhhhhhhhhhhhhhhhhhhhhhhhhhhhhhhhhhhhh|68.50|#
275|hhhhhhhhhhhhhhhhhhhhhhhhhhhhhhhhhhhhhhhhhhhhhhhhhhhhhhh|68.75|#
276|hhhhhhhhhhhhhhhhhhhhhhhhhhhhhhhhhhhhhhhhhhhhhhhhhhhhhhhh|69.00|#
278|hhhhhhhhhhhhhhhhhhhhhhhhhhhhhhhhhhhhhhhhhhhhhhhhhhhhhhhhhh|69.50|#
279|hhhhhhhhhhhhhhhhhhhhhhhhhhhhhhhhhhhhhhhhhhhhhhhhhhhhhhhhhhh|69.75|#
280|WWWWWWWWWWWWWWWWWWWWWWWWWWWWWWWWWWWWWWWWWWWWWWWWWWWWWWWWWWWWWWWWWWWWWWWWWWWWWWWWWWWWWWWWWW|70.00|#
282|hhhhhhhhhhhhhhhhhhhhhhhhhhhhhhhhhhhhhhhhhhhhhhhhhhhhhhhhhhhhhh|70.50|#
283|hhhhhhhhhhhhhhhhhhhhhhhhhhhhhhhhhhhhhhhhhhhhhhhhhhhhhhhhhhhhhhh|70.75|#
284|hhhhhhhhhhhhhhhhhhhhhhhhhhhhhhhhhhhhhhhhhhhhhhhhhhhhhhhhhhhhhhhh|71.00|#
286|hhhhhhhhhhhhhhhhhhhhhhhhhhhhhhhhhhhhhhhhhhhhhhhhhhhhhhhhhhhhhhhhhh|71.50|#
287|WWWWWWWWWWWWWWWWWWWWWWWWWWWWWWWWWWWWWWWWWWWWWWWWWWWWWWWWWWWWWWWWWWWWWWWWWWWWWWWWWWWWWWWWWW|71.75|#
288|hhhhhhhhhhhhhhhhhhhhhhhhhhhhhhhhhhhhhhhhhhhhhhhhhhhhhhhhhhhhhhhhhhhh|72.00|#
290|hhhhhhhhhhhhhhhhhhhhhhhhhhhhhhhhhhhhhhhhhhhhhhhhhhhhhhhhhhhhhhhhhhhhhh|72.50|#
291|hhhhhhhhhhhhhhhhhhhhhhhhhhhhhhhhhhhhhhhhhhhhhhhhhhhhhhhhhhhhhhhhhhhhhhh|72.75|#
292|hhhhhhhhhhhhhhhhhhhhhhhhhhhhhhhhhhhhhhhhhhhhhhhhhhhhhhhhhhhhhhhhhhhhhhhh|73.00|#
294|WWWWWWWWWWWWWWWWWWWWWWWWWWWWWWWWWWWWWWWWWWWWWWWWWWWWWWWWWWWWWWWWWWWWWWWWWWWWWWWWWWWWWWWWWW|73.50|#
295|hhhhhhhhhhhhhhhhhhhhhhhhhhhhhhhhhhhhhhhhhhhhhhhhhhhhhhhhhhhhhhhhhhhhhhhhhhh|73.75|#
296|hhhhhhhhhhhhhhhhhhhhhhhhhhhhhhhhhhhhhhhhhhhhhhhhhhhhhhhhhhhhhhhhhhhhhhhhhhhh|74.00|#
298|hhhhhhhhhhhhhhhhhhhhhhhhhhhhhhhhhhhhhhhhhhhhhhhhhhhhhhhhhhhhhhhhhhhhhhhhhhhhhh|74.50|#
299|hhhhhhhhhhhhhhhhhhhhhhhhhhhhhhhhhhhhhhhhhhhhhhhhhhhhhhhhhhhhhhhhhhhhhhhhhhhhhhh|74.75|#
300|hhhhhhhhhhhhhhhhhhhh|75.00|#
302|hhhhhhhhhhhhhhhhhhhhhh|75.50|#
303|hhhhhhhhhhhhhhhhhhhhhhh|75.75|#
304|hhhhhhhhhhhhhhhhhhhhhhhh|76.00|#
306|hhhhhhhhhhhhhhhhhhhhhhhhhh|76.50|#
307|hhhhhhhhhhhhhhhhhhhhhhhhhhh|76.75|#
308|WWWWWWWWWWWWWWWWWWWWWWWWWWWWWWWWWWWWWWWWWWWWWWWWWWWWWWWWWWWWWWWWWWWWWWWWWWWWWWWWWWWWWWWWWW|77.00|#
310|hhhhhhhhhhhhhhhhhhhhhhhhhhhhhh|77.50|#
311|hhhhhhhhhhhhhhhhhhhhhhhhhhhhhhh|77.75|#
312|hhhhhhhhhhhhhhhhhhhhhhhhhhhhhhhh|78.00|#
314|hhhhhhhhhhhhhhhhhhhhhhhhhhhhhhhhhh|78.50|#
315|WWWWWWWWWWWWWWWWWWWWWWWWWWWWWWWWWWWWWWWWWWWWWWWWWWWWWWWWWWWWWWWWWWWWWWWWWWWWWWWWWWWWWWWWWW|78.75|#
316|hhhhhhhhhhhhhhhhhhhhhhhhhhhhhhhhhhhh|79.00|#
318|hhhhhhhhhhhhhhhhhhhhhhhhhhhhhhhhhhhhhh|79.50|#
319|hhhhhhhhhhhhhhhhhhhhhhhhhhhhhhhhhhhhhhh|79.75|#
320|hhhhhhhhhhhhhhhhhhhhhhhhhhhhhhhhhhhhhhhh|80.00|#
322|WWWWWWWWWWWWWWWWWWWWWWWWWWWWWWWWWWWWWWWWWWWWWWWWWWWWWWWWWWWWWWWWWWWWWWWWWWWWWWWWWWWWWWWWWW|80.50|#
323|hhhhhhhhhhhhhhhhhhhhhhhhhhhhhhhhhhhhhhhhhhh|80.75|#
324|hhhhhhhhhhhhhhhhhhhhhhhhhhhhhhhhhhhhhhhhhhhh|81.00|#
326|hhhhhhhhhhhhhhhhhhhhhhhhhhhhhhhhhhhhhhhhhhhhhh|81.50|#
327|hhhhhhhhhhhhhhhhhhhhhhhhhhhhhhhhhhhhhhhhhhhhhhh|81.75|#
328|hhhhhhhhhhhhhhhhhhhhhhhhhhhhhhhhhhhhhhhhhhhhhhhh|82.00|#
330|hhhhhhhhhhhhhhhhhhhhhhhhhhhhhhhhhhhhhhhhhhhhhhhhhh|82.50|#
331|hhhhhhhhhhhhhhhhhhhhhhhhhhhhhhhhhhhhhhhhhhhhhhhhhhh|82.75|#
332|hhhhhhhhhhhhhhhhhhhhhhhhhhhhhhhhhhhhhhhhhhhhhhhhhhhh|83.00|#
334|hhhhhhhhhhhhhhhhhhhhhhhhhhhhhhhhhhhhhhhhhhhhhhhhhhhhhh|83.50|#
335|hhhhhhhhhhhhhhhhhhhhhhhhhhhhhhhhhhhhhhhhhhhhhhhhhhhhhhh|83.75|#
336|WWWWWWWWWWWWWWWWWWWWWWWWWWWWWWWWWWWWWWWWWWWWWWWWWWWWWWWWWWWWWWWWWWWWWWWWWWWWWWWWWWWWWWWWWW|84.00|#
338|hhhhhhhhhhhhhhhhhhhhhhhhhhhhhhhhhhhhhhhhhhhhhhhhhhhhhhhhhh|84.50|#
339|hhhhhhhhhhhhhhhhhhhhhhhhhhhhhhhhhhhhhhhhhhhhhhhhhhhhhhhhhhh|84.75|#
340|hhhhhhhhhhhhhhhhhhhhhhhhhhhhhhhhhhhhhhhhhhhhhhhhhhhhhhhhhhhh|85.00|#
342|hhhhhhhhhhhhhhhhhhhhhhhhhhhhhhhhhhhhhhhhhhhhhhhhhhhhhhhhhhhhhh|85.50|#
343|WWWWWWWWWWWWWWWWWWWWWWWWWWWWWWWWWWWWWWWWWWWWWWWWWWWWWWWWWWWWWWWWWWWWWWWWWWWWWWWWWWWWWWWWWW|85.75|#
344|hhhhhhhhhhhhhhhhhhhhhhhhhhhhhhhhhhhhhhhhhhhhhhhhhhhhhhhhhhhhhhhh|86.00|#
346|hhhhhhhhhhhhhhhhhhhhhhhhhhhhhhhhhhhhhhhhhhhhhhhhhhhhhhhhhhhhhhhhhh|86.50|#
347|hhhhhhhhhhhhhhhhhhhhhhhhhhhhhhhhhhhhhhhhhhhhhhhhhhhhhhhhhhhhhhhhhhh|86.75|#
348|hhhhhhhhhhhhhhhhhhhhhhhhhhhhhhhhhhhhhhhhhhhhhhhhhhhhhhhhhhhhhhhhhhhh|87.00|#
350|WWWWWWWWWWWWWWWWWWWWWWWWWWWWWWWWWWWWWWWWWWWWWWWWWWWWWWWWWWWWWWWWWWWWWWWWWWWWWWWWWWWWWWWWWW|87.50|#
351|hhhhhhhhhhhhhhhhhhhhhhhhhhhhhhhhhhhhhhhhhhhhhhhhhhhhhhhhhhhhhhhhhhhhhhh|87.75|#
352|hhhhhhhhhhhhhhhhhhhhhhhhhhhhhhhhhhhhhhhhhhhhhhhhhhhhhhhhhhhhhhhhhhhhhhhh|88.00|#
354|hhhhhhhhhhhhhhhhhhhhhhhhhhhhhhhhhhhhhhhhhhhhhhhhhhhhhhhhhhhhhhhhhhhhhhhhhh|88.50|#
355|hhhhhhhhhhhhhhhhhhhhhhhhhhhhhhhhhhhhhhhhhhhhhhhhhhhhhhhhhhhhhhhhhhhhhhhhhhh|88.75|#
356|hhhhhhhhhhhhhhhhhhhhhhhhhhhhhhhhhhhhhhhhhhhhhhhhhhhhhhhhhhhhhhhhhhhhhhhhhhhh|89.00|#
358|hhhhhhhhhhhhhhhhhhhhhhhhhhhhhhhhhhhhhhhhhhhhhhhhhhhhhhhhhhhhhhhhhhhhhhhhhhhhhh|89.50|#
359|hhhhhhhhhhhhhhhhhhhhhhhhhhhhhhhhhhhhhhhhhhhhhhhhhhhhhhhhhhhhhhhhhhhhhhhhhhhhhhh|89.75|#
360|hhhhhhhhhhhhhhhhhhhh|90.00|#
362|hhhhhhhhhhhhhhhhhhhhhh|90.50|#
363|hhhhhhhhhhhhhhhhhhhhhhh|90.75|#
364|WWWWWWWWWWWWWWWWWWWWWWWWWWWWWWWWWWWWWWWWWWWWWWWWWWWWWWWWWWWWWWWWWWWWWWWWWWWWWWWWWWWWWWWWWW|91.00|#
366|hhhhhhhhhhhhhhhhhhhhhhhhhh|91.50|#
367|hhhhhhhhhhhhhhhhhhhhhhhhhhh|91.75|#
368|hhhhhhhhhhhhhhhhhhhhhhhhhhhh|92.00|#
370|hhhhhhhhhhhhhhhhhhhhhhhhhhhhhh|92.50|#
371|WWWWWWWWWWWWWWWWWWWWWWWWWWWWWWWWWWWWWWWWWWWWWWWWWWWWWWWWWWWWWWWWWWWWWWWWWWWWWWWWWWWWWWWWWW|92.75|#
372|hhhhhhhhhhhhhhhhhhhhhhhhhhhhhhhh|93.00|#
374|hhhhhhhhhhhhhhhhhhhhhhhhhhhhhhhhhh|93.50|#
375|hhhhhhhhhhhhhhhhhhhhhhhhhhhhhhhhhhh|93.75|#
376|hhhhhhhhhhhhhhhhhhhhhhhhhhhhhhhhhhhh|94.00|#
378|WWWWWWWWWWWWWWWWWWWWWWWWWWWWWWWWWWWWWWWWWWWWWWWWWWWWWWWWWWWWWWWWWWWWWWWWWWWWWWWWWWWWWWWWWW|94.50|#
379|hhhhhhhhhhhhhhhhhhhhhhhhhhhhhhhhhhhhhhh|94.75|#
380|hhhhhhhhhhhhhhhhhhhhhhhhhhhhhhhhhhhhhhhh|95.00|#
382|hhhhhhhhhhhhhhhhhhhhhhhhhhhhhhhhhhhhhhhhhh|95.50|#
383|hhhhhhhhhhhhhhhhhhhhhhhhhhhhhhhhhhhhhhhhhhh|95.75|#
384|hhhhhhhhhhhhhhhhhhhhhhhhhhhhhhhhhhhhhhhhhhhh|96.00|#
386|hhhhhhhhhhhhhhhhhhhhhhhhhhhhhhhhhhhhhhhhhhhhhh|96.50|#
387|hhhhhhhhhhhhhhhhhhhhhhhhhhhhhhhhhhhhhhhhhhhhhhh|96.75|#
388|hhhhhhhhhhhhhhhhhhhhhhhhhhhhhhhhhhhhhhhhhhhhhhhh|97.00|#
390|hhhhhhhhhhhhhhhhhhhhhhhhhhhhhhhhhhhhhhhhhhhhhhhhhh|97.50|#
391|hhhhhhhhhhhhhhhhhhhhhhhhhhhhhhhhhhhhhhhhhhhhhhhhhhh|97.75|#
392|WWWWWWWWWWWWWWWWWWWWWWWWWWWWWWWWWWWWWWWWWWWWWWWWWWWWWWWWWWWWWWWWWWWWWWWWWWWWWWWWWWWWWWWWWW|98.00|#
394|hhhhhhhhhhhhhhhhhhhhhhhhhhhhhhhhhhhhhhhhhhhhhhhhhhhhhh|98.50|#
395|hhhhhhhhhhhhhhhhhhhhhhhhhhhhhhhhhhhhhhhhhhhhhhhhhhhhhhh|98.75|#
396|hhhhhhhhhhhhhhhhhhhhhhhhhhhhhhhhhhhhhhhhhhhhhhhhhhhhhhhh|99.00|#
398|hhhhhhhhhhhhhhhhhhhhhhhhhhhhhhhhhhhhhhhhhhhhhhhhhhhhhhhhhh|99.50|#
399|WWWWWWWWWWWWWWWWWWWWWWWWWWWWWWWWWWWWWWWWWWWWWWWWWWWWWWWWWWWWWWWWWWWWWWWWWWWWWWWWWWWWWWWWWW|99.75|#
400|hhhhhhhhhhhhhhhhhhhhhhhhhhhhhhhhhhhhhhhhhhhhhhhhhhhhhhhhhhhh|100.00|#
