1|value-1|1.25|#
2|value-2|2.50|#
4|value-4|5.00|#
5|value-5|6.25|#
7|value-7|8.75|#
8|value-8|10.00|#
10|value-10|12.50|#
11|value-11|13.75|#
13|value-13|16.25|#
14|value-14|17.50|#
16|value-16|20.00|#
17|value-17|21.25|#
19|value-19|23.75|#
20|value-20|25.00|#
22|value-22|27.50|#
23|value-23|28.75|#
25|value-25|31.25|#
26|value-26|32.50|#
28|value-28|35.00|#
29|value-29|36.25|#
31|value-31|38.75|#
32|value-32|40.00|#
34|value-34|42.50|#
35|value-35|43.75|#
37|value-37|46.25|#
38|value-38|47.50|#
40|value-40|50.00|#
41|value-41|51.25|#
43|value-43|53.75|#
44|value-44|55.00|#
46|value-46|57.50|#
47|value-47|58.75|#
49|value-49|61.25|#
50|value-50|62.50|#
52|value-52|65.00|#
53|value-53|66.25|#
55|value-55|68.75|#
56|value-56|70.00|#
58|value-58|72.50|#
59|value-59|73.75|#
61|value-61|76.25|#
62|value-62|77.50|#
64|value-64|80.00|#
65|value-65|81.25|#
67|value-67|83.75|#
68|value-68|85.00|#
70|value-70|87.50|#
71|value-71|88.75|#
73|value-73|91.25|#
74|value-74|92.50|#
76|value-76|95.00|#
77|value-77|96.25|#
79|value-79|98.75|#
80|value-80|100.00|#
82|value-82|102.50|#
83|value-83|103.75|#
85|value-85|106.25|#
86|value-86|107.50|#
88|value-88|110.00|#
89|value-89|111.25|#
91|value-91|113.75|#
92|value-92|115.00|#
94|value-94|117.50|#
95|value-95|118.75|#
97|value-97|121.25|#
98|value-98|122.50|#
100|value-100|125.00|#
101|value-101|126.25|#
103|value-103|128.75|#
104|value-104|130.00|#
106|value-106|132.50|#
107|value-107|133.75|#
109|value-109|136.25|#
110|value-110|137.50|#
112|value-112|140.00|#
113|value-113|141.25|#
115|value-115|143.75|#
116|value-116|145.00|#
118|value-118|147.50|#
119|value-119|148.75|#
121|value-121|151.25|#
122|value-122|152.50|#
124|value-124|155.00|#
125|value-125|156.25|#
127|value-127|158.75|#
128|value-128|160.00|#
130|value-130|162.50|#
131|value-131|163.75|#
133|value-133|166.25|#
134|value-134|167.50|#
136|value-136|170.00|#
137|value-137|171.25|#
139|value-139|173.75|#
140|value-140|175.00|#
142|value-142|177.50|#
143|value-143|178.75|#
145|value-145|181.25|#
146|value-146|182.50|#
148|value-148|185.00|#
149|value-149|186.25|#
151|value-151|188.75|#
152|value-152|190.00|#
154|value-154|192.50|#
155|value-155|193.75|#
157|value-157|196.25|#
158|value-158|197.50|#
160|value-160|200.00|#
161|value-161|201.25|#
163|value-163|203.75|#
164|value-164|205.00|#
166|value-166|207.50|#
167|value-167|208.75|#
169|value-169|211.25|#
170|value-170|212.50|#
172|value-172|215.00|#
173|value-173|216.25|#
175|value-175|218.75|#
176|value-176|220.00|#
178|value-178|222.50|#
179|value-179|223.75|#
181|value-181|226.25|#
182|value-182|227.50|#
184|value-184|230.00|#
185|value-185|231.25|#
187|value-187|233.75|#
188|value-188|235.00|#
190|value-190|237.50|#
191|value-191|238.75|#
193|value-193|241.25|#
194|value-194|242.50|#
196|value-196|245.00|#
197|value-197|246.25|#
199|value-199|248.75|#
200|value-200|250.00|#
202|value-202|252.50|#
203|value-203|253.75|#
205|value-205|256.25|#
206|value-206|257.50|#
208|value-208|260.00|#
209|value-209|261.25|#
211|value-211|263.75|#
212|value-212|265.00|#
214|value-214|267.50|#
215|value-215|268.75|#
217|value-217|271.25|#
218|value-218|272.50|#
220|value-220|275.00|#
221|value-221|276.25|#
223|value-223|278.75|#
224|value-224|280.00|#
226|value-226|282.50|#
227|value-227|283.75|#
229|value-229|286.25|#
230|value-230|287.50|#
232|value-232|290.00|#
233|value-233|291.25|#
235|value-235|293.75|#
236|value-236|295.00|#
238|value-238|297.50|#
239|value-239|298.75|#
241|value-241|301.25|#
242|value-242|302.50|#
244|value-244|305.00|#
245|value-245|306.25|#
247|value-247|308.75|#
248|value-248|310.00|#
250|value-250|312.50|#
251|value-251|313.75|#
253|value-253|316.25|#
254|value-254|317.50|#
256|value-256|320.00|#
257|value-257|321.25|#
259|value-259|323.75|#
260|value-260|325.00|#
262|value-262|327.50|#
263|value-263|328.75|#
265|value-265|331.25|#
266|value-266|332.50|#
268|value-268|335.00|#
269|value-269|336.25|#
271|value-271|338.75|#
272|value-272|340.00|#
274|value-274|342.50|#
275|value-275|343.75|#
277|value-277|346.25|#
278|value-278|347.50|#
280|value-280|350.00|#
281|value-281|351.25|#
283|value-283|353.75|#
284|value-284|355.00|#
286|value-286|357.50|#
287|value-287|358.75|#
289|value-289|361.25|#
290|value-290|362.50|#
292|value-292|365.00|#
293|value-293|366.25|#
295|value-295|368.75|#
296|value-296|370.00|#
298|value-298|372.50|#
299|value-299|373.75|#
301|value-301|376.25|#
302|value-302|377.50|#
304|value-304|380.00|#
305|value-305|381.25|#
307|value-307|383.75|#
308|value-308|385.00|#
310|value-310|387.50|#
311|value-311|388.75|#
313|value-313|391.25|#
314|value-314|392.50|#
316|value-316|395.00|#
317|value-317|396.25|#
319|value-319|398.75|#
320|value-320|400.00|#
322|value-322|402.50|#
323|value-323|403.75|#
325|value-325|406.25|#
326|value-326|407.50|#
328|value-328|410.00|#
329|value-329|411.25|#
331|value-331|413.75|#
332|value-332|415.00|#
334|value-334|417.50|#
335|value-335|418.75|#
337|value-337|421.25|#
338|value-338|422.50|#
340|value-340|425.00|#
341|value-341|426.25|#
343|value-343|428.75|#
344|value-344|430.00|#
346|value-346|432.50|#
347|value-347|433.75|#
349|value-349|436.25|#
350|value-350|437.50|#
352|value-352|440.00|#
353|value-353|441.25|#
355|value-355|443.75|#
356|value-356|445.00|#
358|value-358|447.50|#
359|value-359|448.75|#
361|value-361|451.25|#
362|value-362|452.50|#
364|value-364|455.00|#
365|value-365|456.25|#
367|value-367|458.75|#
368|value-368|460.00|#
370|value-370|462.50|#
371|value-371|463.75|#
373|value-373|466.25|#
374|value-374|467.50|#
376|value-376|470.00|#
377|value-377|471.25|#
379|value-379|473.75|#
380|value-380|475.00|#
382|value-382|477.50|#
383|value-383|478.75|#
385|value-385|481.25|#
386|value-386|482.50|#
388|value-388|485.00|#
389|value-389|486.25|#
391|value-391|488.75|#
392|value-392|490.00|#
394|value-394|492.50|#
395|value-395|493.75|#
397|value-397|496.25|#
398|value-398|497.50|#
400|value-400|500.00|#
401|value-401|501.25|#
403|value-403|503.75|#
404|value-404|505.00|#
406|value-406|507.50|#
407|value-407|508.75|#
409|value-409|511.25|#
410|value-410|512.50|#
412|value-412|515.00|#
413|value-413|516.25|#
415|value-415|518.75|#
416|value-416|520.00|#
418|value-418|522.50|#
419|value-419|523.75|#
421|value-421|526.25|#
422|value-422|527.50|#
424|value-424|530.00|#
425|value-425|531.25|#
427|value-427|533.75|#
428|value-428|535.00|#
430|value-430|537.50|#
431|value-431|538.75|#
433|value-433|541.25|#
434|value-434|542.50|#
436|value-436|545.00|#
437|value-437|546.25|#
439|value-439|548.75|#
440|value-440|550.00|#
442|value-442|552.50|#
443|value-443|553.75|#
445|value-445|556.25|#
446|value-446|557.50|#
448|value-448|560.00|#
449|value-449|561.25|#
451|value-451|563.75|#
452|value-452|565.00|#
454|value-454|567.50|#
455|value-455|568.75|#
457|value-457|571.25|#
458|value-458|572.50|#
460|value-460|575.00|#
461|value-461|576.25|#
463|value-463|578.75|#
464|value-464|580.00|#
466|value-466|582.50|#
467|value-467|583.75|#
469|value-469|586.25|#
470|value-470|587.50|#
472|value-472|590.00|#
473|value-473|591.25|#
475|value-475|593.75|#
476|value-476|595.00|#
478|value-478|597.50|#
479|value-479|598.75|#
481|value-481|601.25|#
482|value-482|602.50|#
484|value-484|605.00|#
485|value-485|606.25|#
487|value-487|608.75|#
488|value-488|610.00|#
490|value-490|612.50|#
491|value-491|613.75|#
493|value-493|616.25|#
494|value-494|617.50|#
496|value-496|620.00|#
497|value-497|621.25|#
499|value-499|623.75|#
500|value-500|625.00|#
